ID,TopConfigs
layout:nlp:random:38524e2ff135ded55b5286407e7af6b7,503;652;703;213;282;858;640;14;124;17;166;127;118;206;338;171;749;60;317;10;203;731;824;629;238;811;825;350;865;738;276;226;909;218;854;728;718;419;93;561;375;411;231;669;991;929;607;815;482;832;437;170;89;589;304;934;874;604;268;179;955;840;395;681;910;979;678;162;220;537;281;783;139;693;500;636;768;557;700;917;770;406;205;147;100;809;883;224;659;330;473;22;325;286;724;377;926;244;679;78;553;99;610;986;402;706;922;688;572;51;752;13;186;981;444;384;951;299;168;247;750;153;265;119;374;57;764;262;30;498;533;664;532;381;987;280;378;246;227;562;807;275;346;59;261;8;85;648;456;577;237;76;415;259;493;508;862;772;945;239;144;104;21;897;954;16;740;601;109;497;571;123;936;736;588;301;948;600;628;919;79;339;615;355;176;414;519;573;943;31;181;760;475;157;861;751;370;930;229;810;667;595;538;559;759;526;52;633;298;180;978;323;401;383;6;880;263;292;645;851;121;587;45;9;839;790;251;331;717;279;48;613;307;684;12;442;42;940;643;0;777;836;668;913;80;146;720;4;149;803;18;334;962;582;848;288;627;793;932;32;687;820;115;101;199;570;312;369;754;556;821;670;937;715;558;488;169;914;87;382;901;77;983;655;856;345;925;512;686;172;309;463;583;319;877;158;250;822;291;972;260;255;233;776;554;28;173;857;15;712;757;300;918;975;160;846;245;791;692;446;430;950;834;927;565;530;184;190;847;835;185;828;985;489;387;65;97;44;409;106;973;800;481;50;813;68;942;328;534;392;385;216;240;217;868;320;204;336;29;131;921;197;638;161;117;569;371;597;966;907;458;725;673;591;590;46;210;163;151;642;175;870;461;189;337;732;993;156;730;303;174;365;891;410;606;114;69;651;626;142;451;799;133;585;584;541;113;201;102;447;903;842;617;964;579;933;54;329;911;923;20;722;849;305;744;495;805;992;222;11;332;154;37;83;915;719;407;92;137;769;555;429;989;55;900;501;483;433;609;91;890;164;529;742;313;1;270;949;818;994;82;209;460;747;362;72;306;594;230;368;650;568;827;990;143;711;269;326;273;477;3;830;74;472;780;630;19;2;314;302;36;450;959;819;132;258;70;672;671;318;122;408;249;539;66;761;35;784;549;242;321;126;400;542;344;733;431;61;734;484;148;961;916;480;879;908;746;619;546;207;726;863;623;608;452;435;999;5;616;502;567;657;47;506;635;56;296;94;372;58;135;708;844;357;73;354;894;622;196;284;694;165;713;620;550;566;248;845;277;603;129;271;996;24;327;661;682;353;853;96;792;831;159;84;192;882;520;428;333;887;310;939;40;499;191;875;393;575;789;494;364;535;677;399;86;997;528;454;322;884;515;612;697;290;658;816;762;453;145;219;195;787;873;449;511;105;459;977;593;969;471;560;485;548;81;351;422;293;297;152;505;963;755;234;876;140;968;904;211;468;294;552;641;443;758;198;866;193;946;795;53;888;440;367;998;467;343;794;138;735;522;41;98;39;958;341;878;676;235;380;388;704;232;547;801;491;886;647;592;632;134;788;476;775;596;423;183;257;814;924;785;797;786;23;107;470;397;885;215;311;504;980;71;763;361;586;881;956;403;743;802;850;817;75;274;390;426;110;701;721;841;252;611;413;551;838;521;767;823;464;902;852;781;947;487;699;486;177;833;289;366;141;660;49;518;928;95;965;723;698;33;920;753;254;898;379;702;576;953;438;952;957;221;727;264;457;690;646;26;543;737;705;130;872;707;188;967;253;631;696;243;654;103;710;417;225;214;441;363;424;398;798;228;941;806;808;893;666;136;524;944;564;896;525;864;194;540;976;120;598;465;843;308;64;773;462;665;869;389;765;427;516;614;716;63;285;267;342;509;649;971;34;272;434;507;386;621;266;774;514;663;256;748;779;581;241;360;912;38;995;513;212;432;906;108;316;67;376;544;150;295;837;970;899;335;639;7;653;984;359;396;455;128;829;236;574;778;982;889;895;155;625;618;804;356;683;605;27;892;812;714;474;656;931;283;680;974;208;391;782;439;729;412;860;416;358;348;634;421;741;796;404;479;373;445;523;695;25;340;478;116;90;278;674;935;859;871;287;756;167;599;960;580;545;43;771;347;855;709;324;469;178;349;466;88;691;675;527;531;905;563;938;405;62;418;352;202;662;223;125;200;112;496;766;689;536;187;826;517;394;685;111;492;637;867;745;988;425;510;624;739;436;182;602;420;644;490;448;315;578
layout:nlp:random:60880ed76de53f4d7a1b960b24f20f7d,592;693;737;309;814;333;544;630;442;335;873;420;717;105;802;963;232;202;780;44;563;312;485;419;355;578;284;533;151;359;112;299;602;435;744;585;25;423;622;128;310;703;222;396;801;395;700;82;190;351;967;986;139;576;261;212;140;436;478;68;270;463;645;260;836;866;896;649;739;552;246;301;120;623;341;688;457;143;946;320;356;84;465;951;238;647;962;273;724;892;541;939;482;928;910;219;672;985;742;625;50;195;207;324;0;757;504;575;441;901;694;518;931;580;392;994;969;662;14;551;790;570;293;2;70;990;161;773;907;697;605;635;893;119;209;781;173;10;612;878;327;818;179;281;550;296;8;381;898;600;144;723;601;595;342;777;152;255;349;525;203;683;201;302;117;412;469;30;964;872;292;713;37;586;894;632;655;542;784;115;164;616;571;753;889;486;666;487;328;438;902;932;283;513;198;562;529;389;474;977;166;154;502;494;298;972;264;135;259;826;526;290;118;783;770;531;23;639;998;375;133;326;850;86;874;22;103;286;510;558;88;45;674;372;464;59;241;699;905;9;338;819;374;955;34;937;943;171;519;720;579;401;858;934;944;263;38;65;796;828;204;573;400;981;766;80;597;756;860;437;540;384;555;658;514;304;992;242;668;325;604;978;185;509;330;489;71;765;406;740;929;491;55;970;627;792;189;923;857;11;619;288;150;941;920;225;789;680;732;495;520;988;459;912;678;909;295;440;348;734;252;280;722;165;26;755;747;278;606;634;134;497;127;382;285;997;35;746;721;870;331;407;799;313;865;577;239;726;669;847;319;306;308;621;566;587;126;479;999;17;707;311;675;67;950;952;254;318;364;809;297;216;613;785;425;303;745;85;771;405;778;701;837;821;882;473;322;240;589;971;556;414;851;588;607;938;614;444;417;786;501;58;256;800;965;456;714;603;137;434;942;763;93;386;830;716;367;511;339;411;369;515;849;169;899;835;454;856;813;87;976;656;224;172;652;557;825;685;805;217;657;886;96;178;917;919;158;523;376;620;404;228;41;916;543;344;839;182;736;682;72;930;56;109;953;79;460;391;147;340;488;377;61;641;266;583;957;111;363;987;852;820;332;155;767;92;62;98;52;610;250;475;638;27;774;996;581;471;995;806;582;461;142;159;408;673;503;636;253;761;160;181;880;958;925;472;653;719;177;617;175;108;492;769;748;883;877;650;39;664;560;130;648;973;993;220;186;20;121;618;752;956;908;729;671;887;399;718;416;272;64;433;508;360;422;180;914;686;547;234;424;247;913;936;243;989;307;698;548;903;911;626;40;357;323;305;642;74;131;211;768;966;116;124;624;861;452;104;94;468;214;775;373;1;554;42;568;47;15;321;695;199;947;524;317;361;69;354;193;906;760;176;926;949;754;933;206;194;226;817;227;100;449;156;289;370;337;251;982;162;574;864;258;76;596;496;960;447;945;968;132;125;31;564;918;807;608;476;403;265;352;991;365;402;897;879;535;101;378;196;481;81;427;810;679;431;275;559;53;681;345;538;735;561;869;731;7;398;32;537;51;73;855;390;827;521;676;741;343;584;484;97;439;689;18;368;91;885;696;527;380;244;167;168;954;268;89;458;170;948;493;772;19;663;428;257;294;218;450;815;651;466;358;248;346;764;840;426;300;387;733;611;824;709;347;787;859;114;797;66;249;393;413;545;841;107;36;659;591;123;453;500;29;445;888;846;706;974;848;200;418;832;808;429;63;397;862;687;102;388;446;646;4;517;350;187;192;725;394;279;230;383;758;522;78;793;95;16;334;803;516;233;823;924;498;922;421;791;590;191;712;110;315;921;631;750;499;451;276;705;684;633;690;235;751;980;267;599;727;594;43;534;210;291;975;890;615;979;798;532;505;60;443;539;432;49;208;546;609;875;329;728;816;245;46;854;5;512;480;961;129;385;21;507;146;811;54;670;33;83;153;157;205;430;572;593;876;197;984;490;730;122;379;229;553;77;75;759;271;843;148;409;99;829;415;277;598;704;483;891;470;833;188;660;184;788;935;448;569;236;536;838;12;567;794;287;738;282;6;871;834;506;274;691;804;13;141;831;28;900;565;795;863;743;762;812;221;163;336;904;174;782;665;915;708;779;48;371;530;477;692;467;314;57;145;223;316;711;215;845;842;644;940;677;106;136;654;749;710;362;628;643;853;959;549;884;637;462;149;983;3;895;353;213;113;183;231;269;927;455;138;528;262;776;24;702;90;366;640;881;715;822;867;667;844;868;237;629;410;661
layout:nlp:random:7105451001e119f65b66570d170b94a8,46;392;858;713;650;376;955;617;851;411;467;34;137;18;690;520;760;346;100;736;732;923;454;219;250;2;440;148;331;903;391;542;177;664;646;541;833;501;296;328;796;443;97;141;933;532;159;395;850;816;398;681;613;787;68;993;898;435;630;251;867;826;351;184;368;876;111;962;951;329;338;49;803;540;108;48;455;340;770;490;813;337;604;687;428;1;208;749;473;741;932;974;299;271;590;17;531;126;210;969;150;310;639;890;403;794;14;20;365;935;463;279;128;694;730;361;672;615;118;860;147;530;19;949;751;173;665;339;537;370;253;122;912;314;283;643;513;966;353;514;172;114;678;743;281;399;964;269;383;893;424;119;779;636;624;654;362;134;186;656;944;928;719;619;402;444;543;3;552;728;207;844;691;842;180;551;390;333;170;609;320;96;777;859;112;400;937;641;419;896;218;511;809;332;535;507;761;930;439;538;204;212;742;981;146;621;554;472;6;406;986;213;788;267;747;462;990;831;127;21;433;52;54;748;51;745;216;892;360;36;107;432;589;697;871;971;725;752;828;610;497;717;53;916;161;282;801;601;899;668;709;946;657;872;222;698;469;174;270;960;478;58;712;247;75;87;957;55;790;255;512;992;673;616;634;819;168;938;605;710;209;864;776;670;651;389;528;647;766;163;588;90;62;243;862;879;820;293;585;954;347;934;659;356;42;965;474;525;597;430;262;629;970;602;485;581;31;217;104;342;60;408;984;614;95;421;598;228;431;739;450;829;857;827;931;818;671;241;194;363;684;152;366;274;292;701;438;823;705;404;873;312;720;468;947;806;835;863;459;768;484;489;724;830;225;227;640;978;910;76;44;919;175;998;276;996;156;466;824;300;88;371;73;451;79;653;191;834;384;635;563;927;592;754;16;409;596;309;562;132;593;702;425;278;116;856;688;129;786;961;521;86;555;546;558;37;442;662;885;755;988;569;652;303;793;682;985;853;565;196;557;113;29;583;959;63;385;704;675;758;480;181;994;731;943;8;197;718;345;343;524;683;202;369;649;534;638;781;676;330;929;10;92;354;680;983;715;644;226;237;884;580;599;837;973;318;494;695;991;335;904;529;967;763;65;600;410;620;206;773;72;25;516;568;248;223;205;449;295;195;780;179;465;573;584;382;977;772;136;622;265;679;394;189;287;167;783;372;357;956;918;89;452;350;448;808;483;566;941;187;414;190;102;7;814;401;81;821;840;708;905;434;737;979;445;32;550;875;968;386;45;648;57;922;906;848;496;396;574;642;989;637;457;15;192;317;155;324;895;561;594;666;285;231;378;286;77;436;244;82;12;304;166;939;78;509;706;11;765;488;308;711;99;611;364;458;124;38;963;311;486;838;723;852;349;158;735;83;261;950;249;980;658;23;336;880;982;470;774;855;692;571;527;422;238;277;352;313;169;810;429;686;9;707;447;576;579;757;822;797;101;721;117;47;139;162;740;315;373;975;491;914;785;925;607;508;746;915;883;750;4;183;498;151;886;889;405;846;359;235;661;233;911;582;738;254;291;199;825;909;91;878;325;453;499;504;69;586;799;519;841;500;234;972;995;764;847;149;726;587;762;526;482;502;495;623;800;578;273;958;387;323;716;479;245;874;767;33;220;121;948;5;560;868;633;413;865;84;203;377;41;239;769;559;882;268;258;699;612;56;66;789;416;866;178;252;570;198;456;397;493;976;506;165;869;888;302;98;358;940;105;326;802;306;505;952;887;123;861;257;618;193;50;775;714;125;900;375;756;663;305;759;441;120;655;477;28;176;272;953;321;393;260;832;926;307;795;229;188;420;545;854;902;327;427;811;907;64;556;564;39;131;729;936;632;849;133;214;464;908;334;115;807;415;284;539;897;645;503;35;733;71;945;297;301;722;696;67;200;812;518;804;242;677;43;660;355;280;27;487;674;461;536;144;407;266;24;110;417;316;894;256;341;294;426;94;606;185;224;412;275;476;631;481;669;259;0;236;843;74;815;921;999;298;628;881;221;533;510;997;160;109;289;917;263;492;164;522;577;792;626;836;103;727;135;572;143;515;30;523;924;591;901;145;319;475;153;182;142;608;437;784;877;423;987;817;547;667;367;380;891;544;344;791;753;230;689;246;22;517;567;870;379;595;839;418;215;140;106;744;374;154;388;700;942;771;232;693;798;471;240;805;201;549;264;93;59;13;782;138;290;130;322;348;211;157;85;40;627;920;61;70;381;913;778;548;460;845;26;575;625;685;553;703;171;446;603;288;734;80
layout:nlp:random:29886a50d55cfe77a9497bc906c76ce9,712;348;648;437;307;706;815;481;632;404;730;485;588;619;44;432;649;547;18;743;303;749;265;4;698;297;459;372;343;388;234;620;84;268;536;238;412;293;240;937;938;345;772;874;654;729;126;900;426;513;114;127;530;34;59;591;284;975;41;960;342;641;908;685;748;76;223;58;806;427;926;573;601;840;69;572;133;163;358;970;429;420;689;789;488;990;576;635;836;983;602;490;917;168;32;981;597;737;246;505;697;616;830;794;833;222;715;35;450;259;266;138;821;866;355;912;82;220;86;814;134;14;587;290;174;974;628;431;658;511;301;177;70;879;83;391;10;682;862;166;185;800;214;948;740;364;0;722;903;189;100;218;340;600;507;152;153;161;157;463;156;531;627;33;316;553;733;569;371;639;325;546;761;884;312;443;623;986;64;967;108;880;599;346;877;230;96;723;813;699;611;480;544;882;506;745;224;774;40;692;195;182;701;612;236;681;384;435;904;154;770;406;159;811;111;522;969;300;43;899;773;456;795;433;929;65;337;797;50;386;728;582;541;766;219;554;854;142;992;109;754;831;508;349;525;30;535;931;93;55;545;803;943;151;947;626;782;509;985;110;494;140;608;860;921;839;170;492;905;638;909;512;779;523;893;235;875;920;188;22;125;472;264;714;543;197;683;465;565;117;87;690;847;617;778;812;704;68;578;183;377;97;91;402;430;954;991;132;719;849;984;593;989;331;571;261;872;832;994;169;135;279;103;798;559;231;936;5;409;768;274;873;54;670;105;965;299;209;378;783;232;914;248;751;694;375;365;47;469;747;944;676;8;755;668;339;956;473;609;46;556;735;95;567;867;661;563;675;267;868;759;335;428;162;466;932;495;253;757;205;326;958;396;71;971;210;669;200;980;973;580;678;31;242;366;446;92;423;212;255;451;311;957;491;315;461;383;662;414;229;392;835;652;158;819;718;955;853;271;951;549;643;239;818;17;61;524;579;139;106;964;201;621;756;516;533;650;497;186;74;19;721;146;596;338;309;380;746;454;962;857;75;769;116;823;354;555;696;193;837;258;434;120;215;517;928;655;858;968;493;799;260;864;449;184;390;887;334;679;574;752;598;686;709;81;786;382;28;731;988;464;203;53;237;771;656;817;270;775;870;179;966;102;489;852;586;780;403;896;130;298;659;128;204;389;249;644;741;357;566;12;902;304;796;369;901;605;363;171;77;750;739;736;278;822;143;452;998;788;181;323;49;118;137;436;610;933;251;781;934;308;131;165;101;540;478;381;916;136;374;585;444;281;470;483;758;227;660;211;502;915;280;671;844;72;322;1;418;313;891;855;468;306;707;615;515;144;90;895;329;702;455;6;594;999;63;634;570;614;250;539;871;664;425;791;834;950;665;350;977;726;687;919;479;3;672;457;405;534;80;294;60;824;107;149;996;324;930;216;486;688;927;613;98;399;123;11;898;711;442;367;424;850;501;173;963;995;845;785;913;820;344;647;124;526;398;856;113;262;792;27;89;923;148;863;206;527;869;784;320;568;175;978;498;607;742;590;448;15;160;440;889;460;809;924;583;29;199;7;959;514;474;39;462;51;807;20;825;376;228;521;520;276;629;226;310;606;637;738;551;13;289;666;897;764;164;843;883;841;940;252;828;467;846;724;725;700;618;196;477;538;810;25;829;57;892;16;777;336;453;277;393;256;865;734;368;52;272;387;352;147;575;254;445;925;763;859;713;85;622;732;295;776;475;292;287;997;447;804;359;581;705;910;411;703;119;370;122;577;646;631;415;979;787;680;557;23;458;645;88;503;939;397;273;918;332;24;890;651;180;695;410;48;36;321;208;952;9;673;353;283;911;961;949;385;677;362;319;241;379;38;589;416;400;630;178;269;816;827;191;500;564;876;636;848;121;838;233;318;760;305;499;361;413;642;548;67;595;881;56;657;401;221;487;296;115;104;192;356;190;66;663;851;407;263;561;155;26;560;129;373;282;394;37;693;604;207;79;976;941;45;885;790;150;482;878;935;112;421;744;922;2;716;213;886;584;504;99;476;360;720;765;805;419;176;894;94;141;172;330;542;243;753;245;519;518;888;529;633;842;528;727;198;982;225;603;624;550;42;471;62;674;285;552;625;510;244;439;987;496;187;351;275;422;73;717;708;793;808;767;640;314;327;257;145;341;946;302;667;328;532;907;288;592;945;286;167;317;217;194;826;710;953;291;861;802;993;441;21;333;484;942;684;347;438;395;408;801;417;78;762;653;202;247;537;906;562;558;691;972
layout:nlp:random:492c7a94d559aa4a88769142d2a68362,331;824;430;363;55;798;656;699;702;872;756;340;38;543;40;774;886;367;902;720;631;701;802;497;4;514;852;179;811;663;145;209;152;63;224;26;508;653;80;233;0;681;616;328;801;606;857;201;646;554;504;60;547;674;20;865;630;620;792;704;683;332;324;254;5;610;433;119;812;915;12;219;351;728;358;237;810;531;477;83;410;239;717;281;827;370;740;43;490;263;987;637;932;203;869;675;435;368;149;10;170;788;171;252;320;493;830;315;916;958;908;862;842;672;775;481;941;374;127;912;329;731;150;116;778;575;289;160;436;970;982;605;687;56;791;967;770;126;553;974;473;301;178;955;499;115;781;156;981;777;535;70;920;671;82;140;428;246;360;956;845;749;988;256;158;118;676;592;388;357;112;91;494;762;309;241;277;74;667;961;88;467;335;194;888;693;947;193;649;556;550;100;242;484;434;897;708;863;269;298;878;14;373;522;72;402;873;326;86;657;385;609;598;218;161;753;722;278;954;172;207;204;279;658;607;703;741;266;713;690;589;343;21;41;843;284;350;306;300;7;290;965;468;366;474;417;927;866;586;275;599;590;856;860;918;123;537;294;767;312;327;52;510;108;820;114;322;167;540;164;578;273;648;316;482;502;921;644;305;492;111;414;230;629;359;891;652;121;223;796;726;304;270;807;337;828;848;990;503;356;33;53;18;623;471;552;614;584;835;429;887;202;107;399;933;838;925;361;177;486;355;235;615;457;480;795;180;705;375;24;768;141;411;737;995;952;440;764;387;844;174;621;125;69;15;501;32;692;299;64;23;339;392;427;432;641;520;861;75;980;899;829;600;926;626;806;738;957;776;583;893;371;748;645;859;462;940;405;803;512;376;142;146;229;226;93;831;769;365;541;634;319;449;679;401;509;169;168;971;244;447;415;511;725;998;162;826;214;596;685;989;400;580;785;565;950;216;662;923;66;46;529;913;421;611;29;143;155;684;823;836;966;460;19;513;496;530;190;983;727;624;793;851;413;818;963;398;260;729;953;314;192;85;11;896;28;636;406;182;928;308;441;964;765;154;92;348;839;976;222;458;286;669;549;96;342;825;364;272;539;176;487;313;466;469;196;608;81;574;446;276;336;877;42;17;249;228;875;639;997;199;37;900;426;996;654;106;999;257;195;334;951;238;318;61;262;34;424;303;311;407;733;601;595;579;571;383;463;347;850;253;816;582;221;44;396;680;804;890;962;321;450;934;59;346;993;384;750;425;837;782;397;585;532;389;689;991;633;849;30;261;736;581;271;786;90;739;264;159;120;710;821;576;453;377;760;588;694;431;381;754;105;946;898;659;564;545;858;730;89;163;548;491;45;36;302;344;617;742;643;489;8;735;139;992;422;919;551;382;148;507;130;542;677;794;523;295;527;647;628;984;128;570;911;423;939;267;27;380;895;166;518;892;822;345;393;438;746;338;454;151;931;240;593;296;567;181;138;853;666;972;297;560;443;949;577;561;603;68;871;700;855;718;113;944;519;881;205;759;25;461;165;472;369;211;904;232;102;819;854;285;697;914;979;612;959;797;452;515;310;50;716;745;882;157;479;909;847;868;353;456;1;772;880;591;78;408;903;538;187;9;924;208;642;395;386;885;901;71;832;907;323;330;333;751;757;391;686;505;555;99;250;144;664;439;526;632;455;349;57;563;189;259;884;650;109;622;129;317;293;985;834;500;506;325;103;483;404;341;994;54;568;220;437;711;459;534;251;559;627;217;533;394;282;448;227;814;546;874;476;191;787;49;969;917;517;747;557;258;248;197;732;13;95;234;418;734;58;245;51;619;805;97;39;572;147;883;132;587;660;712;604;780;618;937;412;48;799;696;274;292;678;655;846;910;110;960;688;378;131;409;495;231;135;291;76;280;213;640;268;185;986;478;283;210;236;445;521;752;525;488;929;948;416;773;352;840;698;485;186;31;809;889;98;709;665;800;419;464;124;771;215;790;137;47;906;77;817;968;714;442;706;562;175;536;755;516;255;173;287;133;153;16;978;942;894;94;922;569;743;707;682;225;67;864;87;84;200;761;444;766;243;744;879;808;973;625;528;73;104;420;265;935;183;789;876;403;372;841;475;35;938;867;247;470;613;977;602;62;79;945;833;390;558;362;184;498;724;723;870;354;2;695;930;288;691;22;673;594;465;198;783;566;3;379;638;905;65;122;206;943;6;668;188;136;544;661;651;721;719;134;307;784;597;815;670;813;763;779;635;573;212;101;451;715;758;117;524;975;936
layout:nlp:random:58cc2e418c3a8a19b871e15964b534ad,316;305;833;41;222;780;965;166;223;390;379;893;837;760;488;120;684;308;450;777;497;142;422;687;8;586;616;978;653;101;948;335;483;977;287;234;878;302;32;361;529;728;399;446;840;918;793;958;999;560;519;13;317;30;0;239;357;303;183;350;644;34;141;489;772;53;445;832;246;452;490;320;601;858;829;339;168;770;400;376;12;630;375;550;699;626;355;669;26;725;227;381;769;58;209;46;866;273;577;86;502;569;956;619;814;199;920;737;753;148;536;358;979;463;414;959;122;526;236;83;853;253;879;372;261;198;196;636;759;407;91;583;169;140;403;313;949;17;336;698;820;649;693;851;622;56;493;652;210;648;598;79;800;321;989;935;473;860;750;796;738;667;996;333;549;573;782;415;215;455;256;908;304;401;645;940;464;706;103;228;123;45;328;852;225;919;513;525;912;174;359;922;944;200;524;126;63;942;721;412;506;850;504;89;741;119;439;563;458;449;677;59;823;202;426;351;125;826;723;584;224;600;115;747;364;100;761;226;651;937;877;672;352;565;661;37;456;957;367;941;507;865;238;11;87;496;641;815;124;135;49;650;342;637;301;460;541;664;2;107;176;237;862;170;514;512;510;900;711;675;880;897;801;442;993;985;178;434;219;167;543;366;574;921;21;499;527;983;743;712;685;194;411;29;312;485;356;588;469;394;384;171;785;967;9;31;915;592;85;108;157;341;966;709;281;44;841;613;716;172;973;883;160;18;508;105;244;891;520;272;844;80;515;25;904;326;939;668;138;306;156;946;787;718;245;231;790;479;628;137;522;128;813;620;655;370;441;575;453;986;279;629;254;719;868;271;206;334;947;480;595;133;580;62;673;76;831;955;494;67;855;781;647;208;258;360;954;327;448;925;24;848;146;297;674;617;742;857;681;962;808;694;643;362;307;518;875;319;702;642;393;190;530;671;997;88;269;867;906;632;758;229;330;885;173;252;928;540;539;991;713;220;795;849;828;322;462;901;961;597;154;284;898;982;299;129;607;286;470;812;121;923;774;582;660;704;163;794;413;682;754;396;410;454;663;38;387;910;700;830;739;929;484;440;204;475;726;605;61;976;250;182;980;635;988;500;451;1;779;109;311;486;593;784;295;92;423;265;523;296;606;443;487;670;4;438;260;212;638;130;571;111;662;547;887;20;627;551;703;538;792;418;799;398;846;975;612;735;28;611;934;570;576;501;459;992;476;331;717;139;926;461;280;818;714;50;349;705;544;248;211;207;665;495;503;77;192;895;300;437;377;416;951;386;431;153;435;994;15;404;429;791;70;195;276;907;48;19;771;33;292;537;578;615;602;838;776;22;610;727;824;27;618;216;277;221;845;151;835;729;659;804;143;116;963;347;604;383;591;732;564;177;873;990;762;864;343;114;786;385;427;147;532;337;436;886;10;274;856;888;773;516;746;905;162;180;995;118;763;159;425;854;916;734;683;419;971;633;65;314;546;471;69;74;859;430;492;889;690;193;744;380;914;927;585;686;3;981;444;348;688;197;482;42;696;340;545;371;474;78;155;391;96;478;57;134;465;640;346;315;282;491;692;23;756;294;363;505;94;52;936;421;932;90;568;656;778;112;185;35;715;767;392;872;278;874;144;93;542;554;447;511;757;382;184;406;181;625;374;7;658;817;189;213;97;344;765;775;293;43;553;481;205;783;931;972;290;113;869;557;807;998;332;952;559;768;943;288;566;329;255;214;247;567;353;201;654;896;678;72;64;805;945;531;408;646;405;325;890;14;164;98;433;881;733;657;132;402;318;145;257;149;60;953;409;477;420;968;388;960;291;175;911;581;639;127;930;631;634;676;270;84;230;131;558;16;150;467;708;104;752;903;827;289;603;240;82;803;266;764;902;73;836;262;984;468;938;110;839;863;811;562;924;102;561;152;870;797;232;54;751;608;552;842;136;264;749;283;789;722;68;432;822;187;71;534;724;666;40;748;871;285;964;987;788;66;466;99;624;623;517;249;590;191;428;55;535;158;621;179;36;548;894;810;899;203;242;217;165;847;589;609;909;579;884;424;913;324;373;825;933;161;509;186;691;521;235;397;233;572;798;81;345;395;876;51;806;275;599;365;457;417;47;720;816;556;970;861;594;218;697;75;596;472;587;950;298;680;809;745;740;310;528;695;95;389;969;679;707;5;736;802;701;259;241;533;498;819;369;251;755;323;378;730;843;766;106;710;974;6;268;117;188;689;614;354;39;243;917;309;892;368;882;834;338;263;267;731;821;555
layout:nlp:random:32531d07a084b319dce484f53a4cf3fc,853;536;379;543;656;916;861;515;301;883;459;197;679;26;691;263;171;22;700;237;724;666;115;907;266;288;751;964;959;256;184;522;786;939;328;55;546;280;977;304;844;683;335;797;460;466;983;216;918;226;824;533;574;64;78;168;971;325;767;770;643;235;107;826;782;884;726;439;92;723;663;255;891;525;506;290;125;193;915;310;194;113;854;597;135;809;528;567;620;973;586;966;275;79;807;176;461;446;357;18;576;547;764;67;729;799;412;390;553;240;160;859;27;540;432;118;996;749;989;220;555;146;565;372;200;688;822;776;314;356;154;963;174;623;40;424;60;338;399;698;847;693;377;124;80;265;780;468;411;942;925;23;362;906;875;714;887;848;215;702;164;838;980;318;988;305;827;204;339;48;648;762;351;457;833;849;672;196;587;464;670;841;562;38;602;349;159;317;631;393;46;703;353;158;671;99;343;299;148;96;936;95;90;563;155;282;614;879;534;167;33;967;7;581;821;85;248;758;491;927;627;557;569;756;74;502;635;175;944;850;952;65;568;419;138;177;24;352;182;300;745;840;978;686;937;531;582;207;649;341;979;257;448;441;857;903;788;778;76;949;408;521;785;628;991;42;110;514;571;429;462;86;544;496;297;505;331;100;517;704;595;364;752;511;12;982;669;898;14;913;510;410;974;391;692;104;664;121;285;744;928;800;486;455;144;126;251;436;447;236;689;603;416;93;539;342;507;945;271;725;828;771;946;885;183;259;647;102;373;488;938;642;302;452;123;520;618;475;84;254;163;899;106;548;905;179;449;165;303;326;722;591;409;719;485;395;684;43;287;223;573;229;202;321;685;5;513;598;21;831;549;479;35;740;368;866;728;283;968;469;56;87;289;15;374;420;346;516;798;969;552;667;145;655;406;730;83;440;3;117;384;814;231;279;956;727;960;219;170;212;19;712;400;572;742;329;893;242;394;823;556;190;119;334;912;877;901;748;933;73;471;900;972;358;792;856;657;889;402;108;315;52;217;428;161;577;583;950;443;262;701;811;268;37;273;120;998;713;467;433;897;957;324;383;501;156;747;178;633;20;427;309;801;566;403;805;908;997;706;622;105;999;246;922;376;483;431;911;497;705;888;281;720;140;696;221;319;660;127;775;584;169;2;902;804;975;858;47;39;94;934;606;180;407;418;241;456;203;790;621;330;258;435;600;962;851;588;914;734;554;772;228;143;609;615;923;757;644;89;181;904;499;264;296;509;445;218;205;619;580;97;518;677;931;187;276;199;152;867;917;761;233;654;487;639;417;645;476;570;951;592;641;189;646;787;51;294;36;948;813;527;947;253;674;699;777;4;675;244;585;378;678;284;382;473;210;538;818;132;873;681;808;653;340;617;380;81;492;312;541;870;211;477;503;360;953;69;355;605;133;75;30;773;234;88;930;34;659;17;286;943;832;864;139;32;593;894;495;863;986;298;935;579;1;277;783;721;381;697;44;589;239;404;709;111;153;919;630;414;122;830;810;186;49;755;162;136;198;940;291;769;970;293;892;658;142;387;737;363;640;687;490;129;795;839;896;348;550;311;422;191;526;532;537;494;361;396;272;350;981;103;564;599;886;855;529;9;878;16;881;736;28;333;206;421;327;267;661;920;711;610;261;992;458;738;147;882;306;101;717;91;741;909;707;252;842;482;512;225;708;480;484;245;995;852;359;815;596;680;278;474;415;759;961;270;984;921;732;836;249;558;802;796;62;632;50;754;68;524;316;637;369;819;791;604;668;345;718;425;463;450;993;71;470;601;98;816;434;976;173;59;336;743;965;54;594;624;77;149;151;551;337;230;192;388;616;269;715;652;625;112;498;128;347;389;260;676;575;504;25;141;227;820;784;375;313;634;607;6;444;437;890;8;817;57;651;371;500;438;172;232;195;451;224;465;958;63;344;307;812;385;760;611;845;0;794;292;774;82;837;11;250;716;874;929;523;392;208;682;735;561;941;365;990;746;401;665;690;31;985;274;247;753;545;868;453;61;322;209;766;650;695;66;924;116;114;489;560;405;626;157;519;994;166;53;398;843;710;454;871;542;370;320;214;765;222;862;629;733;131;932;829;739;803;955;109;731;846;10;895;910;869;987;662;768;13;386;613;793;612;872;323;865;578;58;636;750;472;423;834;535;694;478;430;880;366;860;835;876;926;137;150;825;530;426;789;779;29;954;763;185;130;413;397;213;243;188;72;238;638;508;41;590;134;354;673;332;70;481;367;493;442;308;608;45;559;295;781;806;201
layout:nlp:random:3a0c5517a87df8d82fd637b83298a3ba,615;654;242;405;859;75;535;935;178;106;819;789;904;765;814;955;670;180;833;57;559;798;4;464;123;155;909;226;579;612;801;321;704;908;899;499;797;197;129;79;343;497;91;780;273;98;373;29;326;534;576;487;68;726;828;528;986;469;933;359;281;931;332;37;689;867;902;983;449;967;409;694;101;371;723;630;900;71;802;142;684;165;571;127;203;796;593;325;419;235;844;724;834;62;200;671;513;599;349;565;954;280;92;960;674;749;14;991;510;253;823;376;458;403;993;34;441;379;551;313;139;457;136;767;850;857;860;16;42;820;649;634;474;537;104;871;974;447;49;454;430;415;718;720;346;547;428;550;985;574;138;65;256;523;884;543;340;407;944;170;423;401;572;444;184;973;787;811;754;643;268;604;942;539;999;213;638;699;131;640;690;582;50;125;795;287;911;692;938;408;215;40;7;677;500;211;276;903;303;570;810;947;17;595;189;963;192;662;936;920;114;271;700;55;161;702;557;453;232;416;402;95;851;154;324;696;805;770;560;977;839;230;295;659;759;156;322;825;824;895;939;603;709;946;291;221;756;848;30;713;456;760;406;461;361;855;345;601;790;588;102;948;969;329;19;956;516;298;826;382;520;18;624;365;385;532;555;919;868;686;377;83;78;642;151;966;470;927;606;467;443;181;964;651;806;494;352;36;881;261;254;672;488;863;545;259;897;360;962;885;838;580;176;113;195;609;949;589;476;753;714;658;525;199;459;541;666;183;493;358;785;44;880;878;240;542;362;208;164;870;148;294;169;536;418;103;363;675;804;229;540;736;898;893;128;853;39;212;20;567;648;310;239;317;420;218;293;250;93;378;502;279;812;835;757;636;531;375;614;436;22;784;370;150;109;179;85;622;558;917;511;191;348;544;745;269;982;876;605;89;495;937;143;971;932;872;196;758;241;328;97;887;47;727;782;369;455;270;729;906;425;13;473;442;440;618;611;858;698;153;122;773;915;432;107;86;922;831;924;24;875;970;160;519;393;119;384;869;237;3;302;577;410;26;918;731;1;356;496;255;583;807;660;162;238;43;387;194;9;813;808;748;492;462;277;417;395;522;890;961;390;617;864;217;598;725;108;914;77;682;117;719;866;300;224;439;772;563;267;633;246;691;597;435;705;205;475;177;145;137;198;88;116;479;296;926;481;733;821;305;28;803;264;568;883;980;265;314;388;783;74;619;841;592;854;777;673;132;312;292;56;126;118;21;429;306;323;400;873;655;921;505;301;225;566;73;480;656;596;51;284;981;650;816;394;157;347;687;204;258;751;661;546;63;664;383;610;761;0;174;41;507;627;337;445;247;320;501;734;791;477;711;8;248;629;957;285;33;421;680;950;357;934;485;569;763;912;533;38;27;764;943;12;647;959;173;901;426;852;52;350;185;234;182;923;70;712;929;668;553;952;786;266;251;717;252;905;741;333;311;788;975;228;512;168;342;309;397;431;621;353;997;716;526;465;53;355;424;578;140;45;257;744;147;548;843;739;988;120;471;882;514;391;274;706;233;683;374;318;10;422;518;186;889;907;448;190;607;389;688;32;214;366;976;175;888;490;72;263;877;231;641;460;61;585;794;446;552;207;272;96;5;573;188;121;327;775;916;830;781;433;669;827;941;987;450;438;290;631;695;105;715;338;64;998;697;613;951;527;822;663;817;836;644;608;728;76;392;396;437;134;755;799;515;166;504;31;815;625;703;249;509;508;984;364;995;562;940;646;587;707;81;146;11;652;304;219;171;865;335;653;84;135;46;381;766;862;809;399;478;730;575;23;657;209;740;297;623;307;227;172;133;223;894;413;776;708;351;427;482;722;468;750;679;896;69;404;110;989;163;829;874;144;299;626;737;861;489;339;628;187;152;483;124;978;556;747;15;278;602;965;561;953;681;768;732;484;412;115;879;99;678;968;463;554;771;930;315;521;506;837;667;289;600;591;66;330;832;721;710;486;778;735;58;584;586;368;210;800;779;856;193;54;992;849;594;517;48;665;319;620;159;979;130;206;529;398;590;818;742;762;996;637;616;752;676;414;451;472;845;334;336;746;994;990;972;842;60;354;380;82;35;80;645;283;6;685;743;847;928;434;94;262;386;524;372;282;331;308;67;411;530;491;216;769;886;243;344;112;452;220;945;792;275;288;498;141;158;910;549;503;632;100;245;846;316;286;892;167;925;236;202;149;25;693;793;701;201;59;958;260;738;891;538;774;840;222;913;90;581;2;564;87;635;244;111;466;367;639;341
layout:nlp:random:23559853d9702baaaacbb0c83fd32266,96;83;820;415;359;121;131;122;724;749;811;941;224;701;82;101;981;377;578;566;282;912;126;454;772;799;123;833;41;978;924;51;165;302;295;390;215;827;429;6;664;619;231;633;350;230;173;703;502;127;191;168;806;344;605;313;204;214;175;547;448;357;447;184;843;599;194;393;405;714;484;716;316;124;297;649;77;103;828;247;104;322;0;113;364;796;739;919;570;211;880;192;935;917;607;672;105;7;141;29;587;392;128;421;956;873;496;992;663;892;90;630;52;57;473;505;646;182;155;856;734;294;950;119;921;304;17;428;455;338;947;53;645;81;174;592;971;150;662;616;750;615;860;909;861;339;528;758;549;489;193;369;648;625;906;93;382;375;283;199;580;436;993;789;709;348;10;205;636;289;893;305;943;183;842;608;355;208;98;1;601;697;115;516;551;929;574;954;656;704;139;838;853;254;976;940;910;300;868;27;890;494;134;287;417;600;187;72;683;879;637;934;243;250;653;145;959;545;654;802;89;543;501;67;315;265;858;998;475;110;996;432;462;795;877;711;735;803;74;911;95;930;783;461;857;318;565;553;770;65;328;228;944;18;465;3;896;837;681;621;495;759;63;567;207;317;61;732;190;476;236;887;56;16;407;206;179;59;733;469;44;604;210;692;675;862;440;62;854;49;387;31;769;388;329;720;79;188;87;221;332;745;624;706;216;804;644;907;995;682;846;30;989;532;800;385;718;133;493;738;270;979;278;801;235;226;564;903;144;457;690;242;169;886;360;883;925;503;258;835;539;527;773;659;490;269;676;46;626;100;181;20;514;324;458;808;512;37;872;483;91;384;342;445;135;810;497;652;859;677;572;71;284;915;784;334;585;86;292;260;939;38;154;275;560;94;583;628;881;379;700;754;153;744;152;794;478;383;402;620;394;406;534;443;913;538;948;48;99;309;882;451;157;895;220;766;434;520;622;491;272;809;276;326;239;673;639;822;525;945;185;982;763;39;477;225;136;156;245;333;669;218;922;358;869;438;966;746;186;244;826;830;753;97;21;368;253;928;821;310;568;521;320;487;623;999;916;171;517;281;28;73;983;274;647;666;197;609;519;492;985;936;563;726;159;972;679;446;618;694;841;727;450;439;408;870;845;347;288;60;58;513;482;994;760;782;526;23;112;557;931;617;129;259;506;219;849;643;715;535;660;555;988;137;424;634;198;710;311;418;558;904;306;816;511;111;5;949;268;337;548;719;729;404;486;805;824;391;918;699;781;232;68;752;410;530;508;80;509;722;792;142;614;540;176;702;277;76;991;138;307;399;488;22;674;764;779;595;756;531;736;767;345;290;969;651;537;362;589;755;576;536;774;314;678;312;42;507;180;75;229;464;196;217;376;813;926;15;667;840;742;575;84;942;481;367;797;120;125;712;657;343;768;571;472;325;40;431;518;728;114;132;55;977;298;474;178;957;523;713;751;92;839;899;908;963;266;661;730;855;590;696;504;107;546;684;584;202;951;279;262;787;212;498;665;708;373;629;47;960;850;975;522;427;593;201;296;372;468;562;327;984;867;825;594;301;864;705;953;533;627;632;642;252;162;163;409;725;422;695;597;790;371;510;308;470;876;579;688;25;561;353;698;765;400;106;471;973;757;964;352;118;807;423;748;655;4;170;529;441;785;851;414;891;569;330;499;222;961;974;33;986;638;818;687;263;500;66;556;396;161;403;271;172;255;559;435;241;11;420;9;603;933;731;515;323;19;871;286;143;815;524;962;280;354;775;151;256;166;419;346;610;291;453;829;319;227;8;955;670;257;389;776;847;425;234;898;923;246;707;167;884;140;36;401;791;762;285;149;340;658;351;248;777;970;213;582;812;831;788;365;116;573;249;865;363;897;814;685;987;480;45;479;50;635;261;12;819;550;920;195;689;13;836;117;640;303;937;743;233;611;70;397;778;650;299;686;164;370;148;693;381;341;878;463;997;361;430;223;78;747;130;844;395;437;433;888;680;965;894;356;267;426;251;914;102;761;386;848;902;990;875;189;452;442;366;380;552;586;866;467;14;200;466;335;612;541;398;554;817;411;786;444;378;35;460;88;160;449;968;691;927;874;958;613;737;798;24;238;889;273;146;209;901;64;485;459;264;34;349;723;834;331;980;577;863;581;668;885;588;2;456;823;69;967;147;741;336;606;26;641;293;596;108;240;793;109;85;416;203;542;374;177;952;32;932;946;832;771;598;237;671;413;780;321;740;412;631;852;721;717;905;602;591;54;938;544;900;158;43
layout:nlp:random:6c1101f6231f4d1722c3b9f6d1e25026,403;245;482;953;443;172;694;267;38;682;921;423;20;264;436;964;221;455;281;566;670;82;78;746;691;809;857;577;31;333;24;772;316;104;658;572;148;514;26;997;976;649;241;4;522;324;769;107;669;405;17;183;625;605;139;908;386;797;737;101;362;728;983;512;48;142;222;391;28;698;194;164;824;120;813;380;138;721;631;33;819;589;657;771;632;70;894;808;775;192;672;778;279;81;30;993;453;662;688;494;532;920;66;399;481;412;588;869;654;421;45;570;925;958;935;733;613;595;207;551;891;904;365;79;951;121;638;541;560;574;706;504;242;641;827;619;863;68;879;426;360;69;418;579;478;704;880;87;945;892;364;260;537;293;152;782;916;345;969;208;95;675;128;166;556;643;464;346;563;611;757;190;273;100;1;555;614;550;289;238;352;296;979;679;867;590;748;810;666;274;407;394;723;608;676;201;372;528;491;116;295;397;582;396;750;941;548;847;627;540;359;416;353;489;408;429;708;815;773;206;127;912;338;376;783;6;186;211;321;161;382;823;699;298;340;147;51;425;684;552;524;319;629;549;766;756;99;297;299;501;149;374;462;622;715;687;515;440;243;960;751;387;159;0;265;434;519;276;431;764;725;683;181;170;740;752;673;307;141;735;424;410;476;59;780;53;366;978;594;664;460;650;586;479;927;212;145;820;182;105;343;21;167;486;40;57;218;947;162;818;755;884;637;13;144;432;763;220;474;11;861;801;967;39;790;954;955;444;745;767;249;445;554;962;326;43;667;677;580;325;922;94;318;597;133;473;330;223;573;898;44;944;83;520;402;816;506;7;616;578;309;113;527;323;313;283;890;717;830;739;959;973;126;500;130;645;601;956;535;943;972;155;690;227;112;931;111;942;656;448;730;770;29;513;125;117;903;102;393;9;294;306;564;375;168;205;805;137;401;56;368;498;896;642;173;534;807;258;153;592;302;435;837;229;197;400;850;607;467;430;261;724;874;180;459;484;67;233;129;497;171;836;452;225;437;849;609;910;533;191;96;447;583;695;300;42;175;799;899;179;334;659;938;841;859;630;415;936;90;54;503;50;789;461;865;806;714;483;269;314;710;785;406;236;398;876;833;250;982;22;385;252;351;918;3;270;109;122;842;55;280;950;428;395;348;442;288;97;449;516;712;332;800;557;248;759;961;388;957;18;470;981;923;575;228;635;749;502;674;940;441;974;835;584;875;747;680;793;703;439;905;909;795;702;454;485;214;523;118;729;754;992;787;538;392;633;151;618;568;198;328;433;342;308;132;623;736;784;897;312;131;838;477;844;777;617;254;119;85;77;738;996;660;603;742;336;480;732;620;384;965;189;765;247;644;802;655;895;546;115;193;202;255;235;990;761;8;361;796;786;906;47;286;984;176;16;559;158;106;558;2;420;154;685;226;856;266;604;707;285;587;411;794;217;731;62;529;553;456;317;817;828;354;163;14;901;146;371;852;860;61;178;469;203;282;12;530;569;871;257;720;492;626;929;926;379;814;378;508;195;917;185;370;518;545;237;373;718;991;606;329;843;244;744;490;34;562;963;89;232;854;310;301;543;932;499;355;234;933;417;92;640;870;900;174;213;937;450;652;966;781;36;277;663;889;465;700;73;268;256;259;290;160;826;821;60;727;791;350;705;46;665;924;696;591;64;886;716;91;526;610;581;885;598;585;278;239;547;493;136;134;615;596;10;567;356;636;103;165;576;753;357;422;930;287;599;987;80;919;5;855;970;985;23;377;648;86;495;671;913;98;475;219;989;846;628;758;719;711;451;251;339;803;848;414;124;521;668;471;517;363;968;58;525;693;651;689;952;15;902;571;868;798;914;980;542;263;76;829;246;825;741;88;510;915;253;389;999;381;971;883;262;72;722;458;419;63;647;713;734;327;169;621;697;466;341;811;305;404;196;390;496;593;681;646;240;939;792;41;946;779;209;304;331;123;27;995;335;639;864;881;344;322;52;427;692;156;488;839;457;988;337;184;948;505;84;291;768;143;188;776;446;472;565;224;65;93;135;110;831;834;561;358;882;75;788;907;292;468;320;271;413;743;32;888;624;507;35;509;602;612;887;539;845;409;866;19;686;760;284;531;230;911;140;367;383;977;934;873;653;438;661;840;347;315;872;199;74;678;275;822;862;536;858;215;774;804;994;231;600;762;216;49;893;877;200;204;157;726;812;832;975;349;998;114;928;463;71;150;709;544;853;25;511;210;369;701;851;311;187;37;272;986;108;949;634;487;303;177;878
layout:nlp:random:7f6284ebe027b1e9a3850fc703858a59,924;466;264;641;127;656;425;941;753;454;244;593;847;8;247;421;286;157;848;788;727;602;235;632;592;186;390;568;803;944;64;880;988;936;915;507;779;522;359;920;884;342;716;603;560;536;638;906;474;810;693;51;599;464;964;666;849;250;55;325;719;792;747;505;41;102;963;645;122;74;937;665;12;175;382;660;293;460;499;118;901;145;232;715;908;763;576;819;683;925;811;445;143;371;932;863;984;427;471;463;611;571;885;827;541;484;754;952;829;720;168;914;110;25;27;179;260;567;310;943;646;37;905;606;938;495;733;701;726;586;329;61;626;510;412;872;667;765;35;436;422;864;285;685;301;721;515;243;486;757;26;443;775;40;558;333;982;135;475;138;199;330;251;886;385;76;894;307;287;167;350;794;869;106;289;773;457;878;895;370;836;468;369;682;601;411;498;473;129;759;841;681;969;490;137;739;131;673;48;353;398;396;875;858;595;23;18;170;372;786;0;162;821;917;672;274;985;600;395;90;66;101;912;107;899;598;478;19;154;16;197;314;348;92;569;639;73;565;226;900;424;97;945;360;52;479;659;960;578;650;612;361;642;575;144;820;846;391;552;675;288;218;308;698;939;663;210;702;141;574;126;771;172;723;972;378;315;981;670;281;762;514;907;150;818;800;405;262;426;221;961;414;149;717;302;556;634;653;6;940;493;88;24;324;147;362;513;100;680;114;933;44;737;212;188;109;152;316;740;808;817;532;103;561;379;451;714;81;978;82;196;671;121;743;434;724;86;896;47;826;263;935;722;930;950;10;95;706;341;169;805;236;678;778;228;590;444;337;758;282;184;354;890;974;777;28;339;32;947;46;483;705;377;128;115;373;459;410;815;84;948;238;202;442;485;295;59;401;555;882;375;684;801;909;271;649;962;249;275;130;892;239;270;153;446;189;887;472;709;278;989;328;643;174;345;349;334;2;580;797;661;729;741;470;549;970;738;176;511;780;85;625;662;159;456;589;781;67;480;543;9;279;190;990;205;902;195;806;178;584;824;214;112;488;266;227;540;299;637;453;523;89;563;822;942;550;497;825;331;194;156;224;710;877;842;20;838;277;255;335;123;367;850;903;134;151;87;220;439;630;318;760;83;971;679;535;992;291;428;65;440;851;402;248;991;904;708;338;58;577;686;7;297;658;934;689;136;629;233;125;614;832;163;859;68;692;1;312;949;644;562;529;501;570;388;526;417;139;789;802;744;399;893;407;833;240;748;621;799;99;734;311;958;525;718;45;983;784;517;60;604;730;776;267;352;919;177;462;830;447;458;968;585;13;383;374;546;787;871;581;17;814;538;355;973;113;534;551;452;231;91;384;774;261;397;783;34;272;766;674;996;997;54;995;50;566;547;182;927;746;922;94;254;798;306;531;953;496;403;72;669;404;703;879;728;98;133;837;518;620;834;365;185;636;755;222;652;694;246;677;736;608;79;855;400;528;559;965;873;358;772;56;148;975;861;273;831;618;619;487;5;416;587;323;623;823;344;356;852;158;245;108;898;124;477;853;340;393;284;597;430;691;230;219;816;347;198;795;49;120;508;36;862;191;931;33;999;881;959;690;327;610;697;854;700;203;954;105;542;242;664;181;627;429;918;200;785;408;30;183;223;911;418;419;164;71;155;62;38;865;509;75;364;591;437;554;237;711;545;607;520;268;420;96;309;594;11;29;913;790;624;503;946;431;313;926;146;713;294;731;290;241;351;206;764;441;160;305;482;539;481;796;752;320;564;807;423;70;215;3;929;253;57;921;876;300;742;491;557;791;745;655;588;860;533;687;209;633;343;415;980;605;63;506;389;502;213;883;782;165;654;867;897;142;225;998;326;609;211;676;357;986;994;43;668;80;813;296;695;699;635;77;527;651;516;368;845;616;438;117;521;394;433;582;22;187;640;461;812;14;647;857;910;596;216;870;78;469;761;768;615;467;392;303;648;111;579;622;840;613;259;573;770;298;192;987;572;749;492;828;406;21;756;448;804;252;166;380;712;229;537;951;119;751;465;628;449;544;476;409;809;280;631;39;322;500;432;979;519;707;494;283;435;317;161;292;207;104;617;193;31;269;4;688;386;512;955;256;208;234;923;455;363;856;265;957;583;888;217;504;69;489;928;257;530;140;839;42;116;553;304;843;956;844;874;450;387;381;916;15;657;413;201;204;696;732;767;132;889;276;332;366;769;336;319;376;977;868;704;891;966;835;171;735;53;173;793;993;548;321;258;93;967;346;180;750;725;866;976;524
layout:nlp:random:016ac66a44a906a695afd2228509046a,783;758;119;309;262;296;872;287;345;300;249;708;951;286;742;364;662;569;40;255;220;977;920;344;764;161;629;775;989;386;234;866;558;160;605;25;762;832;268;354;166;310;180;1;103;525;81;6;85;56;390;579;269;30;133;669;467;915;283;450;988;215;967;759;107;370;228;399;34;803;294;546;942;431;37;689;729;177;230;164;440;965;539;137;51;740;290;998;784;533;582;855;273;445;985;99;335;600;694;624;361;594;47;651;540;162;419;251;191;232;513;418;924;648;573;412;859;698;632;487;240;377;593;200;238;814;196;795;263;113;4;52;959;871;870;974;112;328;903;448;857;869;97;609;87;909;221;644;93;706;618;657;763;197;206;270;799;272;883;474;661;518;373;842;477;516;599;642;523;615;288;314;455;646;671;888;213;864;553;709;98;483;587;116;900;505;576;242;178;887;769;153;702;773;724;748;413;320;42;414;204;983;41;863;801;94;507;889;667;316;478;306;313;398;433;843;892;908;67;590;261;728;756;355;400;92;340;912;848;72;147;514;823;771;63;786;490;936;187;938;371;74;274;26;737;322;834;686;705;952;393;781;992;165;321;189;868;145;146;691;897;766;672;551;956;500;374;692;968;360;437;975;222;813;231;847;645;846;830;809;318;365;519;630;435;948;151;109;383;797;131;504;326;434;844;308;958;174;949;90;538;246;218;12;416;926;11;378;297;29;100;839;415;54;404;295;258;460;899;43;353;447;209;997;363;589;446;496;917;389;654;750;451;118;767;718;849;833;423;292;666;979;154;715;717;675;339;591;454;664;257;685;521;647;885;851;634;7;653;731;485;604;588;256;21;277;348;902;827;293;155;925;820;190;24;603;281;15;754;298;421;557;291;752;808;121;831;254;71;130;918;891;822;954;172;713;158;212;660;323;865;564;508;275;424;807;10;622;76;13;695;425;214;159;973;652;17;148;934;168;337;986;607;993;444;790;284;395;585;655;739;535;302;673;362;176;836;984;143;818;271;57;343;18;532;916;757;65;509;595;336;110;733;544;650;726;250;738;616;943;472;793;120;668;566;357;129;854;835;792;494;656;743;972;701;829;372;20;693;725;397;734;841;898;760;91;66;577;80;312;70;736;941;470;905;192;205;439;845;528;173;368;682;517;620;449;953;441;430;716;628;342;392;720;106;700;699;503;746;319;944;201;613;789;150;407;60;331;913;210;77;185;578;939;572;95;659;552;811;696;381;817;123;301;520;804;489;828;779;547;978;223;896;770;333;111;317;596;278;931;637;714;995;880;510;46;243;182;581;136;778;837;768;627;867;805;181;626;816;367;969;58;304;901;32;732;512;82;704;305;962;432;753;497;338;31;858;8;621;853;78;492;349;501;186;68;458;580;529;498;163;780;347;744;426;245;19;303;815;122;38;369;741;996;550;86;530;730;598;515;643;906;935;227;787;341;606;195;602;597;39;0;325;244;960;410;282;560;877;639;886;921;241;957;438;117;28;506;329;132;788;874;237;747;570;61;265;33;62;574;548;723;22;635;914;156;777;749;994;144;800;23;464;105;476;526;840;408;14;167;663;224;674;879;149;932;457;114;649;524;405;575;946;776;812;999;640;794;225;327;710;468;712;990;429;964;16;169;101;375;36;690;543;824;541;910;351;55;452;198;27;678;420;825;875;798;184;554;563;878;463;631;183;307;157;236;923;379;806;681;796;549;982;556;53;719;49;961;229;947;633;411;860;473;366;571;436;89;332;96;893;697;584;334;679;330;260;619;456;601;751;774;894;259;462;856;688;495;401;324;945;721;135;586;5;987;791;928;387;819;402;285;359;44;583;465;126;459;217;876;911;802;50;677;966;722;207;480;608;623;933;203;202;937;469;193;276;703;568;84;636;479;138;453;641;531;384;511;610;611;625;536;481;821;826;127;475;211;838;980;417;88;428;981;194;785;199;612;676;396;592;208;852;904;491;422;380;482;350;346;545;907;248;950;502;471;614;352;141;382;102;927;152;970;862;735;971;175;755;461;522;861;356;683;142;216;929;253;567;358;772;922;124;311;388;638;873;881;963;139;75;233;179;140;3;280;376;527;850;665;782;108;104;680;427;403;670;890;684;745;882;562;559;83;79;45;687;895;976;617;765;499;940;289;252;466;35;394;264;565;170;73;991;488;391;658;385;188;134;711;707;884;59;125;2;919;484;64;315;493;247;235;9;930;761;219;955;266;542;537;267;442;443;409;727;561;555;48;128;534;115;406;226;171;299;810;69;486;279;239
layout:nlp:random:171b0513d8874a427ccfa46d136fbadc,140;260;523;856;693;702;75;50;499;571;707;824;955;906;433;902;552;546;712;57;831;565;679;475;133;629;519;900;598;65;486;710;791;614;844;861;434;697;716;506;282;594;457;156;800;494;893;881;529;415;960;689;54;369;2;854;583;940;880;346;790;215;70;351;91;242;767;688;801;769;516;579;922;120;830;868;507;443;925;886;873;676;402;695;368;984;110;68;418;965;858;159;849;621;385;464;269;954;618;528;894;326;429;372;199;934;539;796;214;423;484;49;462;559;220;927;747;576;558;47;923;728;212;581;757;317;419;700;182;896;194;105;622;380;366;768;818;794;807;514;692;502;663;454;640;933;276;446;173;853;350;952;355;343;852;104;391;577;473;891;340;295;149;919;483;311;196;837;555;653;479;216;541;302;783;208;86;610;378;6;328;141;5;550;301;426;723;756;43;840;310;669;341;678;172;244;720;564;810;497;106;591;878;799;671;363;781;913;53;440;189;51;786;327;222;832;596;379;869;46;296;94;664;588;281;524;233;648;493;698;334;575;227;806;31;158;27;226;551;690;117;451;939;394;760;20;414;209;364;221;612;44;667;436;739;213;711;125;673;470;915;662;286;636;626;660;324;384;188;946;804;17;115;770;608;641;100;79;246;146;822;833;635;714;154;93;903;973;235;155;298;320;288;537;916;123;218;930;944;808;926;405;122;16;359;187;8;937;271;219;941;527;914;73;112;42;666;345;863;495;721;974;982;265;838;745;582;69;387;995;322;611;55;883;66;755;306;441;232;367;574;0;929;444;735;967;535;445;677;200;882;358;885;509;504;145;163;22;292;411;758;732;573;981;561;867;307;89;652;705;586;90;651;205;316;860;754;461;587;730;797;179;3;409;779;865;785;478;772;607;114;979;287;980;259;250;726;223;746;665;889;147;753;102;237;595;371;877;267;792;283;103;638;545;193;972;142;918;855;99;904;668;304;61;23;266;239;383;776;398;332;357;743;421;848;920;490;513;741;803;905;489;976;590;21;309;520;992;997;704;134;625;812;953;465;957;633;951;763;691;261;148;25;775;285;264;949;816;318;300;360;989;275;126;864;347;67;80;522;964;472;585;64;727;966;959;568;203;609;247;202;85;83;236;802;177;921;119;453;152;515;788;532;56;684;448;639;353;508;325;518;150;422;365;254;258;206;895;659;36;762;153;729;175;512;592;674;774;999;491;948;29;329;731;290;191;315;501;406;362;932;701;171;330;749;784;62;190;144;511;87;584;562;124;696;963;201;111;517;279;901;661;713;374;132;798;7;826;526;12;850;991;718;601;613;168;773;924;243;432;597;161;386;180;389;251;875;382;333;817;624;482;620;186;748;968;884;554;683;530;534;210;605;388;274;471;950;847;857;128;76;928;917;245;556;862;563;510;428;40;814;255;977;151;646;549;404;113;392;544;819;485;771;630;531;417;339;777;268;719;938;95;24;606;77;431;521;476;842;249;35;859;744;617;542;228;229;98;240;627;907;682;305;706;19;78;525;936;615;717;294;658;393;846;942;589;821;13;887;416;361;169;631;871;985;823;604;643;654;634;533;708;829;435;272;650;970;809;911;872;468;32;969;578;129;879;908;874;420;656;160;81;52;439;289;637;851;761;396;84;162;192;538;975;293;570;675;480;183;442;9;971;370;408;458;447;449;600;566;248;619;733;686;336;399;308;331;685;647;994;699;11;195;108;437;834;167;207;211;116;225;314;184;978;224;241;284;789;338;109;253;603;993;793;795;681;888;401;170;452;898;312;536;121;657;715;628;270;998;725;143;463;825;291;377;642;131;734;474;39;390;349;961;97;41;48;469;567;580;616;101;135;303;935;82;352;430;256;257;321;505;424;348;71;319;127;947;10;750;892;342;572;395;655;487;836;828;413;890;870;996;548;181;37;766;33;560;381;843;557;297;238;410;137;738;912;455;632;778;899;983;498;178;412;467;425;602;107;176;910;164;130;736;4;782;337;14;813;198;139;34;217;72;118;687;488;477;742;74;759;962;376;547;263;427;96;30;599;230;438;28;644;231;645;670;185;15;354;400;273;1;988;204;313;764;845;841;459;540;278;737;956;909;815;553;787;88;138;373;649;990;262;299;724;403;811;623;165;280;839;958;63;709;765;943;722;703;945;344;500;407;397;820;26;466;876;694;38;986;277;335;987;197;460;166;58;45;593;680;492;780;740;323;543;866;252;835;450;59;569;931;456;157;503;136;481;356;174;672;234;18;805;60;92;897;752;827;751;375;496
layout:nlp:random:71b79ca6db513e7979c3702c595150c2,377;502;794;146;202;228;871;373;115;160;967;677;770;178;841;993;219;956;280;262;521;96;924;88;141;493;471;628;389;299;314;157;204;803;298;305;748;65;70;527;380;153;978;828;354;447;342;32;487;523;275;760;302;415;879;20;31;595;543;72;988;970;721;673;775;85;392;576;393;310;866;279;111;679;12;497;779;44;901;815;143;21;854;181;542;40;217;449;359;4;347;212;881;575;740;624;167;465;865;231;23;409;464;682;867;996;707;540;712;318;209;186;75;915;882;213;667;870;139;734;256;221;278;445;265;289;238;427;869;510;285;90;136;826;885;165;433;735;825;424;547;176;817;853;131;185;369;670;509;953;902;172;467;989;52;802;356;605;388;895;929;693;949;444;998;532;574;945;372;211;952;6;632;190;320;536;163;551;905;448;401;418;387;282;798;766;705;566;914;985;341;617;110;59;781;385;599;610;538;57;245;48;651;558;729;747;94;635;406;847;286;423;528;434;198;979;508;980;992;680;757;973;950;529;654;365;247;105;107;200;777;98;463;358;524;232;749;571;472;810;573;208;60;475;43;203;972;609;772;567;655;408;104;862;887;25;317;590;476;533;103;150;930;876;431;650;161;515;133;138;33;155;411;468;485;728;38;382;898;555;710;878;340;10;954;66;963;713;414;792;69;939;797;506;503;855;284;93;994;672;764;452;92;352;541;239;643;888;664;531;831;315;518;593;47;187;419;425;148;455;741;205;171;123;252;838;82;935;765;900;525;180;961;636;329;422;328;552;355;995;441;2;505;916;786;850;80;893;144;201;785;124;257;140;868;936;491;824;288;625;517;964;106;971;549;591;570;78;195;504;29;147;861;42;671;62;403;271;184;730;242;287;429;243;634;512;615;623;350;554;316;450;24;486;151;932;113;984;700;473;246;461;715;488;638;933;495;416;607;968;918;484;811;435;170;120;754;921;254;990;56;102;974;758;722;737;76;701;904;548;46;426;649;934;84;26;920;560;253;762;585;241;323;743;774;250;806;784;692;835;983;846;886;67;507;884;97;233;379;227;752;674;849;35;943;581;297;755;842;697;594;137;947;546;301;583;383;646;907;398;559;917;689;513;0;787;732;9;647;501;440;351;189;619;948;788;789;877;61;469;829;696;843;661;367;919;822;259;637;218;30;564;857;545;860;283;277;376;687;621;899;587;812;991;799;982;656;386;780;694;114;496;620;296;482;796;809;966;169;281;561;492;174;374;481;889;338;653;500;432;152;345;716;437;925;194;295;55;307;596;470;819;844;698;569;652;676;556;378;156;454;959;311;234;453;276;489;830;343;659;616;572;95;965;926;337;975;746;586;960;795;108;912;873;662;126;711;206;909;304;851;117;751;706;346;27;325;753;814;237;928;816;199;462;631;644;14;940;412;499;196;396;565;520;578;353;175;727;128;145;577;457;49;220;957;642;827;494;402;251;86;597;334;130;261;313;808;477;580;927;522;370;303;922;54;333;913;149;832;767;813;399;690;394;19;526;946;410;840;466;683;158;348;584;421;224;562;836;229;332;875;608;395;986;897;129;22;168;498;267;955;987;357;291;458;28;769;99;381;263;159;997;686;726;891;109;11;222;397;976;863;516;602;537;73;162;606;361;68;535;58;264;127;883;550;714;804;894;910;839;235;100;773;439;793;223;657;331;79;274;339;890;87;226;641;834;951;801;999;519;37;544;783;906;782;896;428;273;266;629;255;691;771;719;833;191;903;981;695;364;622;859;703;872;958;290;3;269;480;923;270;89;669;640;39;837;407;858;931;118;708;240;362;630;805;360;892;709;612;53;759;443;776;197;761;71;112;207;681;116;685;750;413;763;791;122;733;438;479;430;678;601;490;739;293;384;321;154;611;942;135;164;294;626;182;13;91;324;371;768;451;446;660;77;821;15;911;34;125;177;7;405;699;83;724;603;530;173;618;675;8;598;568;272;192;417;666;731;420;292;368;50;856;400;183;179;336;225;557;704;969;725;36;375;306;511;366;604;778;216;845;582;539;600;230;249;101;45;300;326;665;645;807;17;800;474;166;322;344;744;723;309;938;64;874;880;534;648;312;658;335;588;478;142;684;553;18;908;258;460;592;663;215;327;742;63;563;210;132;134;977;244;633;1;941;589;81;330;349;260;193;436;121;756;41;790;717;404;688;738;308;214;614;702;236;852;268;119;944;456;391;668;627;248;51;818;74;720;745;613;514;820;319;188;363;16;848;962;864;5;390;823;736;718;459;639;579;937;483;442
layout:nlp:random:d15316c12eefdef1ba549eb433797f77,610;578;696;797;941;761;582;604;300;616;840;922;142;803;187;68;61;875;310;669;81;4;344;815;907;455;848;288;867;163;674;219;151;104;425;720;537;999;786;72;346;269;198;564;689;122;49;240;847;191;901;14;554;150;398;979;92;108;930;375;778;717;112;785;799;131;58;694;825;228;308;120;912;236;321;766;23;220;307;230;658;207;31;833;501;634;664;804;665;75;331;443;471;121;776;768;927;249;809;380;511;561;435;980;504;36;751;599;356;660;208;939;212;663;994;41;787;22;358;481;90;244;869;655;248;925;671;935;289;168;989;576;704;351;459;676;600;509;998;747;446;63;367;99;625;319;762;140;452;484;635;123;42;701;780;884;279;855;231;560;324;225;624;865;967;612;521;186;790;648;982;956;896;314;546;995;239;139;619;549;1;698;306;16;33;938;415;135;430;944;974;963;167;274;682;538;966;47;552;54;27;8;124;17;949;438;322;497;3;843;579;229;516;326;280;590;673;451;722;873;253;18;853;125;622;788;472;470;261;214;905;422;13;666;514;611;217;199;597;433;411;50;258;621;711;863;80;369;7;976;5;602;434;527;657;305;423;349;37;457;173;343;642;824;178;596;216;782;237;746;946;808;732;175;620;184;630;391;372;333;424;183;250;733;317;636;419;816;323;626;708;772;697;313;957;259;316;866;637;483;116;332;165;342;750;458;428;753;25;374;426;659;410;449;2;147;486;130;59;789;298;148;348;494;303;792;440;686;156;412;503;800;401;802;644;962;91;822;517;623;283;738;89;71;566;318;893;480;842;9;615;437;860;26;760;568;828;479;672;404;586;103;728;134;417;771;67;543;281;290;559;813;360;490;735;874;653;95;406;924;170;831;335;614;573;145;65;256;427;810;913;416;861;591;476;238;851;491;352;454;96;683;392;990;234;109;386;115;487;85;932;277;181;242;933;757;971;675;302;76;194;245;811;953;535;774;35;572;177;465;740;749;668;420;981;159;366;171;827;56;791;340;608;211;270;662;153;473;100;296;765;574;754;469;737;468;641;878;97;691;44;79;886;182;719;444;489;292;992;613;595;336;857;904;709;496;385;377;839;180;39;607;88;69;756;814;400;955;373;477;107;362;505;589;137;52;87;439;679;223;985;823;66;158;819;947;257;235;218;986;60;767;57;914;357;32;160;902;512;881;493;745;758;169;628;643;43;106;684;154;580;744;570;309;474;70;46;275;991;609;164;119;246;882;291;919;285;350;569;832;146;101;795;891;700;703;226;846;64;393;889;98;189;835;817;152;678;84;973;359;461;894;301;492;260;384;567;888;770;203;854;394;796;414;498;286;593;78;193;667;387;297;943;915;856;945;421;680;11;656;721;618;368;812;829;418;255;555;987;755;820;726;327;390;287;200;15;502;24;541;964;111;337;997;508;48;294;19;670;82;315;830;251;215;877;821;127;748;62;114;188;513;647;345;961;83;826;278;413;536;777;429;456;462;118;402;201;739;921;969;781;584;996;899;174;441;731;978;329;262;338;370;478;395;299;695;525;354;908;588;958;651;347;646;534;196;271;523;601;361;21;705;205;128;311;247;649;571;397;445;887;447;365;442;93;764;136;645;320;984;687;862;0;681;763;29;685;948;243;408;880;937;918;475;895;718;388;885;988;617;562;221;805;34;942;524;677;453;268;581;929;906;692;629;210;105;197;204;6;519;102;723;605;339;520;531;545;972;20;734;775;132;859;542;12;550;284;330;206;464;499;405;876;341;522;355;837;30;266;690;539;872;793;714;898;606;632;965;364;530;466;563;276;699;86;730;295;864;928;77;407;806;94;73;920;195;565;923;551;241;138;547;431;841;631;192;736;222;436;202;224;633;794;725;482;712;353;868;155;713;382;627;724;702;233;526;267;141;870;769;783;161;553;592;450;38;844;661;834;488;742;741;598;74;752;144;40;650;715;638;892;45;977;970;53;910;179;587;548;639;850;583;254;28;577;950;143;110;557;162;495;845;871;172;818;993;126;529;603;883;849;213;975;129;558;807;10;688;594;232;176;879;836;399;460;960;376;784;252;916;959;117;743;801;409;463;710;328;485;897;506;890;403;510;209;528;727;507;55;931;157;325;544;264;371;556;273;858;190;693;389;779;518;272;640;903;515;759;798;838;166;133;952;706;532;396;113;363;716;968;954;983;185;911;773;51;900;575;334;951;917;383;500;936;432;304;707;381;265;378;149;467;293;909;263;852;312;654;934;282;227;940;652;729;379;533;448;585;926;540
layout:nlp:random:b2fdde3b72980907578648774101543e,310;976;982;886;474;105;126;391;622;183;980;265;885;940;382;234;483;111;279;76;977;881;117;594;448;65;740;759;10;933;103;0;638;256;499;225;356;590;464;334;204;410;339;871;482;959;331;865;98;567;608;610;413;159;644;624;919;765;379;16;679;914;259;2;807;179;731;700;429;844;271;354;618;937;564;192;168;892;172;598;139;393;223;417;93;891;858;350;319;461;109;287;487;981;888;938;850;524;370;293;1;131;718;583;816;780;333;856;169;899;673;916;657;818;548;848;86;879;147;734;227;201;253;442;746;754;326;89;585;263;497;705;572;78;396;501;834;286;810;493;165;832;641;877;380;531;860;652;77;365;41;802;509;901;680;776;996;385;973;592;814;730;611;573;749;332;969;494;519;401;87;212;751;970;20;25;121;683;600;264;525;313;427;532;120;330;827;163;795;526;604;554;935;533;779;357;665;581;562;99;128;48;706;715;713;148;708;769;927;866;347;684;28;687;268;54;387;529;486;171;808;773;781;38;58;936;997;221;707;726;605;566;615;709;954;435;477;792;142;150;437;912;712;136;556;106;162;130;515;536;180;314;626;260;951;671;176;663;46;798;578;742;868;648;917;558;386;101;833;231;809;123;182;722;744;627;144;292;484;149;31;63;992;994;422;843;872;312;230;588;941;582;599;215;289;97;79;321;143;322;853;820;880;160;156;220;958;13;538;447;431;175;797;372;693;691;428;972;19;242;112;60;441;957;315;763;408;547;513;974;791;873;738;766;882;498;361;157;344;675;995;806;199;113;278;235;755;419;545;316;621;288;894;403;249;793;934;522;804;946;355;774;846;125;931;247;301;629;181;530;961;628;544;290;642;549;88;620;348;197;596;764;390;607;409;349;506;174;23;43;343;619;317;686;161;799;824;18;893;723;760;300;930;49;395;828;6;29;943;991;445;560;676;625;374;964;876;800;907;455;388;490;193;563;115;753;543;812;94;364;617;83;44;177;570;653;421;829;22;52;323;646;656;521;166;662;601;336;329;119;654;30;140;923;110;471;478;267;439;12;987;778;727;295;233;900;988;394;777;213;717;127;27;196;453;485;904;472;575;667;328;40;587;309;367;660;517;647;955;14;553;803;576;194;11;514;85;338;510;272;847;226;883;186;282;540;7;210;862;849;962;822;257;584;672;502;565;341;158;450;952;495;479;698;178;246;281;597;825;909;198;280;552;306;68;261;434;340;609;50;702;405;661;219;942;998;831;968;164;674;469;276;761;285;649;635;520;737;305;9;541;384;650;146;830;240;118;790;291;17;124;184;244;714;35;443;725;838;947;36;559;476;5;845;944;895;948;133;33;274;557;971;457;546;207;153;32;788;568;733;440;586;402;238;269;999;918;637;15;424;511;579;561;446;56;80;728;925;324;956;100;420;342;66;929;794;444;116;841;8;659;47;645;167;854;986;173;318;789;302;775;216;397;826;81;631;206;138;690;861;555;376;366;747;748;903;251;209;414;710;430;369;283;750;273;57;920;805;351;352;966;406;863;245;796;462;688;191;368;851;255;70;716;62;666;465;704;335;685;228;757;463;145;898;473;4;905;275;817;636;984;452;359;539;745;696;985;69;967;643;154;949;724;190;411;606;170;383;460;129;327;392;37;887;616;842;488;577;736;640;188;218;481;897;614;91;864;294;839;451;39;53;232;436;108;989;491;589;875;542;426;870;449;3;874;537;243;75;535;187;908;416;507;612;432;534;623;689;358;262;404;939;786;55;771;821;782;950;571;752;205;528;906;134;711;308;505;492;425;772;639;337;456;508;813;466;82;155;415;480;677;152;945;248;701;801;719;467;132;363;377;203;574;852;399;307;500;703;51;634;651;250;346;878;926;867;915;889;266;551;983;669;378;884;504;61;913;325;975;811;458;423;208;993;694;859;953;921;217;682;353;569;664;819;237;758;151;254;855;345;963;965;90;732;527;670;767;400;236;195;24;692;630;418;990;512;381;21;729;595;412;602;229;503;932;475;371;739;137;71;298;84;252;756;468;107;580;632;735;720;697;389;823;836;454;681;296;114;835;518;922;59;433;407;398;122;438;320;73;95;911;928;284;141;603;26;695;768;92;591;762;784;658;72;241;222;815;67;135;224;523;902;678;200;785;668;655;459;890;840;96;34;375;297;185;104;102;211;787;360;202;857;303;721;214;633;496;896;189;837;362;910;311;743;74;64;593;42;924;516;258;373;960;277;270;489;741;869;550;45;613;470;783;299;239;304;978;770;979;699
layout:nlp:random:f6c146fc5cf10be4f3accbaca9897311,158;352;524;691;732;13;387;787;127;540;79;248;501;351;827;398;532;243;94;887;749;508;746;726;807;155;778;397;773;128;909;984;296;107;598;377;908;535;653;544;635;857;661;103;584;66;195;823;42;993;926;108;675;396;505;720;310;833;939;538;877;487;768;619;101;477;113;785;617;576;336;781;47;631;407;530;994;622;188;292;191;130;822;921;711;111;911;266;630;463;192;334;821;931;317;516;913;423;597;343;950;346;406;580;919;138;427;850;722;977;238;82;830;7;222;687;154;311;110;106;999;955;286;455;882;809;880;628;981;575;46;704;776;52;251;846;736;376;302;666;37;896;75;934;303;634;200;591;645;58;4;147;171;717;693;109;957;506;460;445;124;916;831;651;345;961;611;325;436;341;677;98;797;633;239;228;581;426;234;412;818;382;480;761;808;290;814;199;289;11;737;38;805;221;624;953;881;863;203;932;362;942;684;948;274;577;523;602;739;483;123;625;353;954;166;933;420;86;462;567;985;3;562;960;295;974;275;486;621;454;898;212;62;971;471;418;28;129;429;118;980;958;834;117;8;944;83;299;470;923;670;34;561;548;792;578;384;906;752;970;927;467;770;623;259;884;667;355;685;0;573;772;383;652;51;39;409;558;608;648;973;986;496;404;229;223;917;184;618;70;293;476;360;119;601;153;413;211;725;244;373;727;386;277;116;587;375;400;230;546;143;434;649;97;662;135;256;754;225;9;682;500;271;555;593;479;757;820;759;367;610;991;208;240;232;20;134;865;466;758;897;588;69;620;729;126;332;278;446;750;743;76;198;861;365;705;686;819;570;520;213;874;18;260;57;930;534;390;760;710;114;870;181;194;733;93;85;464;137;605;594;342;551;236;385;849;969;660;599;178;853;298;966;246;671;285;744;23;499;472;904;998;401;983;25;716;255;214;488;559;306;136;767;263;949;745;202;408;26;568;952;231;890;888;237;162;715;169;163;664;468;444;395;323;713;77;185;997;858;694;172;632;392;553;735;59;678;676;370;557;929;889;537;88;525;838;215;329;836;21;868;78;337;182;582;891;708;876;287;603;864;95;775;1;405;928;989;300;920;862;491;571;394;177;252;461;354;556;513;656;71;219;964;696;612;415;996;363;281;14;665;141;755;264;197;764;804;320;201;448;509;272;872;798;579;224;74;900;388;978;585;959;121;828;165;604;941;703;451;647;707;851;173;766;560;330;276;48;688;709;350;741;469;800;151;779;893;447;452;855;843;700;902;100;702;531;270;936;327;435;922;140;695;860;522;372;430;867;391;566;67;956;951;22;291;304;774;644;518;915;15;672;235;307;796;73;507;220;314;988;105;157;45;616;465;258;152;519;349;268;321;543;813;698;817;282;799;607;595;615;714;68;541;521;160;680;348;669;41;839;179;49;943;788;740;918;674;765;841;29;186;586;43;80;381;547;294;972;217;510;247;227;5;848;335;742;683;339;835;174;786;912;552;987;422;428;646;393;892;453;419;17;854;439;718;783;968;433;53;511;257;144;378;189;27;284;30;72;245;449;159;712;90;613;389;176;734;924;54;526;527;288;81;61;458;654;484;56;253;564;657;12;962;907;795;16;731;417;600;380;816;856;793;204;946;780;769;492;187;379;545;249;533;572;803;878;589;498;6;811;315;399;812;443;432;935;457;689;344;784;815;642;196;699;273;424;150;361;825;901;474;829;437;104;895;416;697;606;55;542;529;24;592;261;641;885;481;663;241;563;149;122;536;495;777;403;692;115;2;721;64;297;125;358;328;36;283;637;995;84;528;539;414;810;866;333;206;883;371;44;762;497;313;319;364;316;440;338;914;180;65;550;747;269;369;840;636;614;242;990;265;482;32;450;565;673;976;347;366;485;724;748;626;690;845;356;91;267;374;859;512;879;873;193;503;801;826;502;112;655;753;494;549;515;161;668;233;89;410;102;730;146;629;791;167;790;92;226;756;842;569;438;719;421;280;305;871;982;940;218;456;723;183;131;340;640;609;967;514;133;554;938;875;905;738;216;517;322;207;431;638;679;869;63;751;847;596;50;40;490;844;493;627;324;402;852;473;459;33;279;301;963;205;806;650;899;475;681;590;425;583;175;992;574;331;937;96;832;441;789;910;10;979;170;643;209;771;168;359;148;254;132;478;763;411;945;886;442;965;368;35;120;156;326;824;504;262;659;308;794;309;250;357;639;87;60;658;139;190;782;903;31;894;728;19;312;489;837;975;701;947;706;145;802;210;164;925;318;99;142
